"measurementscale","fallwinterspring","grade","RIT","student_percentile"
"Mathematics","Fall",0,121,5
"Mathematics","Fall",1,137,5
"Mathematics","Fall",2,147,5
"Mathematics","Fall",3,158,5
"Mathematics","Fall",4,171,5
"Mathematics","Fall",5,180,5
"Mathematics","Fall",6,184,5
"Mathematics","Fall",7,189,5
"Mathematics","Fall",8,192,5
"Mathematics","Fall",9,196,5
"Mathematics","Fall",10,196,5
"Mathematics","Fall",11,195,5
"Mathematics","Fall",12,194,5
"Mathematics","Fall",0,125,10
"Mathematics","Fall",1,142,10
"Mathematics","Fall",2,153,10
"Mathematics","Fall",3,164,10
"Mathematics","Fall",4,177,10
"Mathematics","Fall",5,185,10
"Mathematics","Fall",6,190,10
"Mathematics","Fall",7,195,10
"Mathematics","Fall",8,199,10
"Mathematics","Fall",9,202,10
"Mathematics","Fall",10,203,10
"Mathematics","Fall",11,203,10
"Mathematics","Fall",12,201,10
"Mathematics","Fall",0,128,15
"Mathematics","Fall",1,145,15
"Mathematics","Fall",2,157,15
"Mathematics","Fall",3,168,15
"Mathematics","Fall",4,181,15
"Mathematics","Fall",5,189,15
"Mathematics","Fall",6,194,15
"Mathematics","Fall",7,199,15
"Mathematics","Fall",8,203,15
"Mathematics","Fall",9,207,15
"Mathematics","Fall",10,208,15
"Mathematics","Fall",11,208,15
"Mathematics","Fall",12,206,15
"Mathematics","Fall",0,131,20
"Mathematics","Fall",1,148,20
"Mathematics","Fall",2,160,20
"Mathematics","Fall",3,171,20
"Mathematics","Fall",4,184,20
"Mathematics","Fall",5,193,20
"Mathematics","Fall",6,197,20
"Mathematics","Fall",7,203,20
"Mathematics","Fall",8,207,20
"Mathematics","Fall",9,210,20
"Mathematics","Fall",10,211,20
"Mathematics","Fall",11,212,20
"Mathematics","Fall",12,211,20
"Mathematics","Fall",0,133,25
"Mathematics","Fall",1,150,25
"Mathematics","Fall",2,162,25
"Mathematics","Fall",3,174,25
"Mathematics","Fall",4,186,25
"Mathematics","Fall",5,195,25
"Mathematics","Fall",6,199,25
"Mathematics","Fall",7,206,25
"Mathematics","Fall",8,210,25
"Mathematics","Fall",9,213,25
"Mathematics","Fall",10,214,25
"Mathematics","Fall",11,215,25
"Mathematics","Fall",12,214,25
"Mathematics","Fall",0,135,30
"Mathematics","Fall",1,152,30
"Mathematics","Fall",2,165,30
"Mathematics","Fall",3,176,30
"Mathematics","Fall",4,189,30
"Mathematics","Fall",5,198,30
"Mathematics","Fall",6,202,30
"Mathematics","Fall",7,208,30
"Mathematics","Fall",8,212,30
"Mathematics","Fall",9,216,30
"Mathematics","Fall",10,217,30
"Mathematics","Fall",11,218,30
"Mathematics","Fall",12,217,30
"Mathematics","Fall",0,136,35
"Mathematics","Fall",1,154,35
"Mathematics","Fall",2,167,35
"Mathematics","Fall",3,178,35
"Mathematics","Fall",4,191,35
"Mathematics","Fall",5,200,35
"Mathematics","Fall",6,204,35
"Mathematics","Fall",7,211,35
"Mathematics","Fall",8,215,35
"Mathematics","Fall",9,218,35
"Mathematics","Fall",10,220,35
"Mathematics","Fall",11,221,35
"Mathematics","Fall",12,220,35
"Mathematics","Fall",0,138,40
"Mathematics","Fall",1,156,40
"Mathematics","Fall",2,169,40
"Mathematics","Fall",3,180,40
"Mathematics","Fall",4,193,40
"Mathematics","Fall",5,202,40
"Mathematics","Fall",6,206,40
"Mathematics","Fall",7,213,40
"Mathematics","Fall",8,217,40
"Mathematics","Fall",9,220,40
"Mathematics","Fall",10,222,40
"Mathematics","Fall",11,224,40
"Mathematics","Fall",12,223,40
"Mathematics","Fall",0,140,45
"Mathematics","Fall",1,158,45
"Mathematics","Fall",2,171,45
"Mathematics","Fall",3,182,45
"Mathematics","Fall",4,195,45
"Mathematics","Fall",5,204,45
"Mathematics","Fall",6,208,45
"Mathematics","Fall",7,215,45
"Mathematics","Fall",8,220,45
"Mathematics","Fall",9,223,45
"Mathematics","Fall",10,224,45
"Mathematics","Fall",11,227,45
"Mathematics","Fall",12,226,45
"Mathematics","Fall",0,141,50
"Mathematics","Fall",1,159,50
"Mathematics","Fall",2,173,50
"Mathematics","Fall",3,184,50
"Mathematics","Fall",4,197,50
"Mathematics","Fall",5,206,50
"Mathematics","Fall",6,210,50
"Mathematics","Fall",7,217,50
"Mathematics","Fall",8,222,50
"Mathematics","Fall",9,225,50
"Mathematics","Fall",10,227,50
"Mathematics","Fall",11,229,50
"Mathematics","Fall",12,228,50
"Mathematics","Fall",0,143,55
"Mathematics","Fall",1,161,55
"Mathematics","Fall",2,175,55
"Mathematics","Fall",3,186,55
"Mathematics","Fall",4,199,55
"Mathematics","Fall",5,208,55
"Mathematics","Fall",6,212,55
"Mathematics","Fall",7,219,55
"Mathematics","Fall",8,224,55
"Mathematics","Fall",9,227,55
"Mathematics","Fall",10,229,55
"Mathematics","Fall",11,232,55
"Mathematics","Fall",12,231,55
"Mathematics","Fall",0,144,60
"Mathematics","Fall",1,163,60
"Mathematics","Fall",2,177,60
"Mathematics","Fall",3,188,60
"Mathematics","Fall",4,201,60
"Mathematics","Fall",5,210,60
"Mathematics","Fall",6,214,60
"Mathematics","Fall",7,222,60
"Mathematics","Fall",8,227,60
"Mathematics","Fall",9,229,60
"Mathematics","Fall",10,232,60
"Mathematics","Fall",11,234,60
"Mathematics","Fall",12,233,60
"Mathematics","Fall",0,146,65
"Mathematics","Fall",1,164,65
"Mathematics","Fall",2,179,65
"Mathematics","Fall",3,190,65
"Mathematics","Fall",4,203,65
"Mathematics","Fall",5,212,65
"Mathematics","Fall",6,216,65
"Mathematics","Fall",7,224,65
"Mathematics","Fall",8,229,65
"Mathematics","Fall",9,232,65
"Mathematics","Fall",10,234,65
"Mathematics","Fall",11,237,65
"Mathematics","Fall",12,236,65
"Mathematics","Fall",0,148,70
"Mathematics","Fall",1,166,70
"Mathematics","Fall",2,181,70
"Mathematics","Fall",3,192,70
"Mathematics","Fall",4,205,70
"Mathematics","Fall",5,215,70
"Mathematics","Fall",6,219,70
"Mathematics","Fall",7,226,70
"Mathematics","Fall",8,232,70
"Mathematics","Fall",9,234,70
"Mathematics","Fall",10,237,70
"Mathematics","Fall",11,240,70
"Mathematics","Fall",12,239,70
"Mathematics","Fall",0,149,75
"Mathematics","Fall",1,168,75
"Mathematics","Fall",2,183,75
"Mathematics","Fall",3,195,75
"Mathematics","Fall",4,208,75
"Mathematics","Fall",5,217,75
"Mathematics","Fall",6,221,75
"Mathematics","Fall",7,229,75
"Mathematics","Fall",8,234,75
"Mathematics","Fall",9,237,75
"Mathematics","Fall",10,239,75
"Mathematics","Fall",11,243,75
"Mathematics","Fall",12,242,75
"Mathematics","Fall",0,152,80
"Mathematics","Fall",1,171,80
"Mathematics","Fall",2,186,80
"Mathematics","Fall",3,197,80
"Mathematics","Fall",4,210,80
"Mathematics","Fall",5,220,80
"Mathematics","Fall",6,224,80
"Mathematics","Fall",7,232,80
"Mathematics","Fall",8,237,80
"Mathematics","Fall",9,240,80
"Mathematics","Fall",10,242,80
"Mathematics","Fall",11,246,80
"Mathematics","Fall",12,246,80
"Mathematics","Fall",0,154,85
"Mathematics","Fall",1,173,85
"Mathematics","Fall",2,189,85
"Mathematics","Fall",3,200,85
"Mathematics","Fall",4,214,85
"Mathematics","Fall",5,223,85
"Mathematics","Fall",6,227,85
"Mathematics","Fall",7,235,85
"Mathematics","Fall",8,241,85
"Mathematics","Fall",9,243,85
"Mathematics","Fall",10,246,85
"Mathematics","Fall",11,250,85
"Mathematics","Fall",12,250,85
"Mathematics","Fall",0,157,90
"Mathematics","Fall",1,176,90
"Mathematics","Fall",2,193,90
"Mathematics","Fall",3,204,90
"Mathematics","Fall",4,217,90
"Mathematics","Fall",5,227,90
"Mathematics","Fall",6,231,90
"Mathematics","Fall",7,239,90
"Mathematics","Fall",8,246,90
"Mathematics","Fall",9,248,90
"Mathematics","Fall",10,251,90
"Mathematics","Fall",11,255,90
"Mathematics","Fall",12,255,90
"Mathematics","Fall",0,161,95
"Mathematics","Fall",1,181,95
"Mathematics","Fall",2,198,95
"Mathematics","Fall",3,210,95
"Mathematics","Fall",4,223,95
"Mathematics","Fall",5,233,95
"Mathematics","Fall",6,237,95
"Mathematics","Fall",7,246,95
"Mathematics","Fall",8,252,95
"Mathematics","Fall",9,254,95
"Mathematics","Fall",10,257,95
"Mathematics","Fall",11,263,95
"Mathematics","Fall",12,263,95
"Mathematics","Winter",0,130,5
"Mathematics","Winter",1,146,5
"Mathematics","Winter",2,155,5
"Mathematics","Winter",3,166,5
"Mathematics","Winter",4,176,5
"Mathematics","Winter",5,183,5
"Mathematics","Winter",6,187,5
"Mathematics","Winter",7,191,5
"Mathematics","Winter",8,194,5
"Mathematics","Winter",9,196,5
"Mathematics","Winter",10,196,5
"Mathematics","Winter",11,195,5
"Mathematics","Winter",12,194,5
"Mathematics","Winter",0,135,10
"Mathematics","Winter",1,151,10
"Mathematics","Winter",2,161,10
"Mathematics","Winter",3,172,10
"Mathematics","Winter",4,183,10
"Mathematics","Winter",5,189,10
"Mathematics","Winter",6,194,10
"Mathematics","Winter",7,197,10
"Mathematics","Winter",8,201,10
"Mathematics","Winter",9,203,10
"Mathematics","Winter",10,204,10
"Mathematics","Winter",11,203,10
"Mathematics","Winter",12,202,10
"Mathematics","Winter",0,138,15
"Mathematics","Winter",1,154,15
"Mathematics","Winter",2,165,15
"Mathematics","Winter",3,176,15
"Mathematics","Winter",4,187,15
"Mathematics","Winter",5,194,15
"Mathematics","Winter",6,198,15
"Mathematics","Winter",7,202,15
"Mathematics","Winter",8,206,15
"Mathematics","Winter",9,207,15
"Mathematics","Winter",10,208,15
"Mathematics","Winter",11,209,15
"Mathematics","Winter",12,207,15
"Mathematics","Winter",0,140,20
"Mathematics","Winter",1,157,20
"Mathematics","Winter",2,168,20
"Mathematics","Winter",3,179,20
"Mathematics","Winter",4,190,20
"Mathematics","Winter",5,197,20
"Mathematics","Winter",6,201,20
"Mathematics","Winter",7,206,20
"Mathematics","Winter",8,210,20
"Mathematics","Winter",9,211,20
"Mathematics","Winter",10,212,20
"Mathematics","Winter",11,213,20
"Mathematics","Winter",12,211,20
"Mathematics","Winter",0,142,25
"Mathematics","Winter",1,159,25
"Mathematics","Winter",2,171,25
"Mathematics","Winter",3,182,25
"Mathematics","Winter",4,193,25
"Mathematics","Winter",5,200,25
"Mathematics","Winter",6,204,25
"Mathematics","Winter",7,209,25
"Mathematics","Winter",8,213,25
"Mathematics","Winter",9,214,25
"Mathematics","Winter",10,216,25
"Mathematics","Winter",11,217,25
"Mathematics","Winter",12,215,25
"Mathematics","Winter",0,144,30
"Mathematics","Winter",1,161,30
"Mathematics","Winter",2,173,30
"Mathematics","Winter",3,184,30
"Mathematics","Winter",4,196,30
"Mathematics","Winter",5,203,30
"Mathematics","Winter",6,207,30
"Mathematics","Winter",7,211,30
"Mathematics","Winter",8,216,30
"Mathematics","Winter",9,217,30
"Mathematics","Winter",10,219,30
"Mathematics","Winter",11,220,30
"Mathematics","Winter",12,218,30
"Mathematics","Winter",0,146,35
"Mathematics","Winter",1,163,35
"Mathematics","Winter",2,175,35
"Mathematics","Winter",3,186,35
"Mathematics","Winter",4,198,35
"Mathematics","Winter",5,205,35
"Mathematics","Winter",6,209,35
"Mathematics","Winter",7,214,35
"Mathematics","Winter",8,219,35
"Mathematics","Winter",9,220,35
"Mathematics","Winter",10,222,35
"Mathematics","Winter",11,223,35
"Mathematics","Winter",12,221,35
"Mathematics","Winter",0,147,40
"Mathematics","Winter",1,165,40
"Mathematics","Winter",2,177,40
"Mathematics","Winter",3,189,40
"Mathematics","Winter",4,200,40
"Mathematics","Winter",5,207,40
"Mathematics","Winter",6,212,40
"Mathematics","Winter",7,216,40
"Mathematics","Winter",8,221,40
"Mathematics","Winter",9,222,40
"Mathematics","Winter",10,224,40
"Mathematics","Winter",11,226,40
"Mathematics","Winter",12,224,40
"Mathematics","Winter",0,149,45
"Mathematics","Winter",1,167,45
"Mathematics","Winter",2,179,45
"Mathematics","Winter",3,191,45
"Mathematics","Winter",4,202,45
"Mathematics","Winter",5,210,45
"Mathematics","Winter",6,214,45
"Mathematics","Winter",7,219,45
"Mathematics","Winter",8,224,45
"Mathematics","Winter",9,225,45
"Mathematics","Winter",10,227,45
"Mathematics","Winter",11,229,45
"Mathematics","Winter",12,227,45
"Mathematics","Winter",0,151,50
"Mathematics","Winter",1,168,50
"Mathematics","Winter",2,181,50
"Mathematics","Winter",3,193,50
"Mathematics","Winter",4,204,50
"Mathematics","Winter",5,212,50
"Mathematics","Winter",6,216,50
"Mathematics","Winter",7,221,50
"Mathematics","Winter",8,226,50
"Mathematics","Winter",9,227,50
"Mathematics","Winter",10,229,50
"Mathematics","Winter",11,231,50
"Mathematics","Winter",12,230,50
"Mathematics","Winter",0,152,55
"Mathematics","Winter",1,170,55
"Mathematics","Winter",2,183,55
"Mathematics","Winter",3,195,55
"Mathematics","Winter",4,207,55
"Mathematics","Winter",5,214,55
"Mathematics","Winter",6,218,55
"Mathematics","Winter",7,223,55
"Mathematics","Winter",8,228,55
"Mathematics","Winter",9,230,55
"Mathematics","Winter",10,232,55
"Mathematics","Winter",11,234,55
"Mathematics","Winter",12,233,55
"Mathematics","Winter",0,154,60
"Mathematics","Winter",1,172,60
"Mathematics","Winter",2,185,60
"Mathematics","Winter",3,197,60
"Mathematics","Winter",4,209,60
"Mathematics","Winter",5,216,60
"Mathematics","Winter",6,220,60
"Mathematics","Winter",7,226,60
"Mathematics","Winter",8,231,60
"Mathematics","Winter",9,232,60
"Mathematics","Winter",10,235,60
"Mathematics","Winter",11,237,60
"Mathematics","Winter",12,235,60
"Mathematics","Winter",0,155,65
"Mathematics","Winter",1,174,65
"Mathematics","Winter",2,187,65
"Mathematics","Winter",3,199,65
"Mathematics","Winter",4,211,65
"Mathematics","Winter",5,219,65
"Mathematics","Winter",6,223,65
"Mathematics","Winter",7,228,65
"Mathematics","Winter",8,233,65
"Mathematics","Winter",9,235,65
"Mathematics","Winter",10,237,65
"Mathematics","Winter",11,240,65
"Mathematics","Winter",12,238,65
"Mathematics","Winter",0,157,70
"Mathematics","Winter",1,176,70
"Mathematics","Winter",2,189,70
"Mathematics","Winter",3,201,70
"Mathematics","Winter",4,213,70
"Mathematics","Winter",5,221,70
"Mathematics","Winter",6,225,70
"Mathematics","Winter",7,231,70
"Mathematics","Winter",8,236,70
"Mathematics","Winter",9,237,70
"Mathematics","Winter",10,240,70
"Mathematics","Winter",11,243,70
"Mathematics","Winter",12,241,70
"Mathematics","Winter",0,159,75
"Mathematics","Winter",1,178,75
"Mathematics","Winter",2,192,75
"Mathematics","Winter",3,204,75
"Mathematics","Winter",4,216,75
"Mathematics","Winter",5,224,75
"Mathematics","Winter",6,228,75
"Mathematics","Winter",7,233,75
"Mathematics","Winter",8,239,75
"Mathematics","Winter",9,240,75
"Mathematics","Winter",10,243,75
"Mathematics","Winter",11,246,75
"Mathematics","Winter",12,245,75
"Mathematics","Winter",0,161,80
"Mathematics","Winter",1,180,80
"Mathematics","Winter",2,194,80
"Mathematics","Winter",3,206,80
"Mathematics","Winter",4,219,80
"Mathematics","Winter",5,226,80
"Mathematics","Winter",6,231,80
"Mathematics","Winter",7,236,80
"Mathematics","Winter",8,242,80
"Mathematics","Winter",9,243,80
"Mathematics","Winter",10,246,80
"Mathematics","Winter",11,250,80
"Mathematics","Winter",12,248,80
"Mathematics","Winter",0,164,85
"Mathematics","Winter",1,183,85
"Mathematics","Winter",2,197,85
"Mathematics","Winter",3,210,85
"Mathematics","Winter",4,222,85
"Mathematics","Winter",5,230,85
"Mathematics","Winter",6,234,85
"Mathematics","Winter",7,240,85
"Mathematics","Winter",8,246,85
"Mathematics","Winter",9,247,85
"Mathematics","Winter",10,250,85
"Mathematics","Winter",11,254,85
"Mathematics","Winter",12,252,85
"Mathematics","Winter",0,167,90
"Mathematics","Winter",1,186,90
"Mathematics","Winter",2,201,90
"Mathematics","Winter",3,214,90
"Mathematics","Winter",4,226,90
"Mathematics","Winter",5,234,90
"Mathematics","Winter",6,238,90
"Mathematics","Winter",7,245,90
"Mathematics","Winter",8,251,90
"Mathematics","Winter",9,252,90
"Mathematics","Winter",10,255,90
"Mathematics","Winter",11,259,90
"Mathematics","Winter",12,258,90
"Mathematics","Winter",0,171,95
"Mathematics","Winter",1,191,95
"Mathematics","Winter",2,207,95
"Mathematics","Winter",3,220,95
"Mathematics","Winter",4,232,95
"Mathematics","Winter",5,240,95
"Mathematics","Winter",6,245,95
"Mathematics","Winter",7,251,95
"Mathematics","Winter",8,258,95
"Mathematics","Winter",9,259,95
"Mathematics","Winter",10,263,95
"Mathematics","Winter",11,267,95
"Mathematics","Winter",12,266,95
"Mathematics","Spring",0,136,5
"Mathematics","Spring",1,151,5
"Mathematics","Spring",2,161,5
"Mathematics","Spring",3,171,5
"Mathematics","Spring",4,180,5
"Mathematics","Spring",5,186,5
"Mathematics","Spring",6,190,5
"Mathematics","Spring",7,192,5
"Mathematics","Spring",8,196,5
"Mathematics","Spring",9,194,5
"Mathematics","Spring",10,195,5
"Mathematics","Spring",11,195,5
"Mathematics","Spring",12,193,5
"Mathematics","Spring",0,141,10
"Mathematics","Spring",1,157,10
"Mathematics","Spring",2,167,10
"Mathematics","Spring",3,177,10
"Mathematics","Spring",4,187,10
"Mathematics","Spring",5,192,10
"Mathematics","Spring",6,197,10
"Mathematics","Spring",7,199,10
"Mathematics","Spring",8,203,10
"Mathematics","Spring",9,202,10
"Mathematics","Spring",10,203,10
"Mathematics","Spring",11,203,10
"Mathematics","Spring",12,201,10
"Mathematics","Spring",0,144,15
"Mathematics","Spring",1,160,15
"Mathematics","Spring",2,171,15
"Mathematics","Spring",3,181,15
"Mathematics","Spring",4,191,15
"Mathematics","Spring",5,197,15
"Mathematics","Spring",6,201,15
"Mathematics","Spring",7,204,15
"Mathematics","Spring",8,208,15
"Mathematics","Spring",9,207,15
"Mathematics","Spring",10,208,15
"Mathematics","Spring",11,209,15
"Mathematics","Spring",12,207,15
"Mathematics","Spring",0,147,20
"Mathematics","Spring",1,163,20
"Mathematics","Spring",2,174,20
"Mathematics","Spring",3,185,20
"Mathematics","Spring",4,195,20
"Mathematics","Spring",5,200,20
"Mathematics","Spring",6,205,20
"Mathematics","Spring",7,208,20
"Mathematics","Spring",8,212,20
"Mathematics","Spring",9,211,20
"Mathematics","Spring",10,213,20
"Mathematics","Spring",11,214,20
"Mathematics","Spring",12,212,20
"Mathematics","Spring",0,149,25
"Mathematics","Spring",1,165,25
"Mathematics","Spring",2,177,25
"Mathematics","Spring",3,188,25
"Mathematics","Spring",4,198,25
"Mathematics","Spring",5,204,25
"Mathematics","Spring",6,208,25
"Mathematics","Spring",7,211,25
"Mathematics","Spring",8,215,25
"Mathematics","Spring",9,215,25
"Mathematics","Spring",10,216,25
"Mathematics","Spring",11,217,25
"Mathematics","Spring",12,215,25
"Mathematics","Spring",0,151,30
"Mathematics","Spring",1,167,30
"Mathematics","Spring",2,179,30
"Mathematics","Spring",3,190,30
"Mathematics","Spring",4,201,30
"Mathematics","Spring",5,206,30
"Mathematics","Spring",6,211,30
"Mathematics","Spring",7,214,30
"Mathematics","Spring",8,218,30
"Mathematics","Spring",9,218,30
"Mathematics","Spring",10,220,30
"Mathematics","Spring",11,221,30
"Mathematics","Spring",12,219,30
"Mathematics","Spring",0,153,35
"Mathematics","Spring",1,169,35
"Mathematics","Spring",2,181,35
"Mathematics","Spring",3,193,35
"Mathematics","Spring",4,203,35
"Mathematics","Spring",5,209,35
"Mathematics","Spring",6,213,35
"Mathematics","Spring",7,216,35
"Mathematics","Spring",8,221,35
"Mathematics","Spring",9,221,35
"Mathematics","Spring",10,223,35
"Mathematics","Spring",11,224,35
"Mathematics","Spring",12,222,35
"Mathematics","Spring",0,154,40
"Mathematics","Spring",1,171,40
"Mathematics","Spring",2,183,40
"Mathematics","Spring",3,195,40
"Mathematics","Spring",4,206,40
"Mathematics","Spring",5,211,40
"Mathematics","Spring",6,216,40
"Mathematics","Spring",7,219,40
"Mathematics","Spring",8,224,40
"Mathematics","Spring",9,223,40
"Mathematics","Spring",10,226,40
"Mathematics","Spring",11,227,40
"Mathematics","Spring",12,225,40
"Mathematics","Spring",0,156,45
"Mathematics","Spring",1,173,45
"Mathematics","Spring",2,185,45
"Mathematics","Spring",3,197,45
"Mathematics","Spring",4,208,45
"Mathematics","Spring",5,214,45
"Mathematics","Spring",6,218,45
"Mathematics","Spring",7,221,45
"Mathematics","Spring",8,226,45
"Mathematics","Spring",9,226,45
"Mathematics","Spring",10,229,45
"Mathematics","Spring",11,230,45
"Mathematics","Spring",12,228,45
"Mathematics","Spring",0,158,50
"Mathematics","Spring",1,175,50
"Mathematics","Spring",2,187,50
"Mathematics","Spring",3,199,50
"Mathematics","Spring",4,210,50
"Mathematics","Spring",5,216,50
"Mathematics","Spring",6,220,50
"Mathematics","Spring",7,224,50
"Mathematics","Spring",8,229,50
"Mathematics","Spring",9,229,50
"Mathematics","Spring",10,231,50
"Mathematics","Spring",11,233,50
"Mathematics","Spring",12,231,50
"Mathematics","Spring",0,159,55
"Mathematics","Spring",1,177,55
"Mathematics","Spring",2,189,55
"Mathematics","Spring",3,201,55
"Mathematics","Spring",4,212,55
"Mathematics","Spring",5,218,55
"Mathematics","Spring",6,223,55
"Mathematics","Spring",7,226,55
"Mathematics","Spring",8,231,55
"Mathematics","Spring",9,231,55
"Mathematics","Spring",10,234,55
"Mathematics","Spring",11,236,55
"Mathematics","Spring",12,234,55
"Mathematics","Spring",0,161,60
"Mathematics","Spring",1,179,60
"Mathematics","Spring",2,192,60
"Mathematics","Spring",3,203,60
"Mathematics","Spring",4,215,60
"Mathematics","Spring",5,221,60
"Mathematics","Spring",6,225,60
"Mathematics","Spring",7,229,60
"Mathematics","Spring",8,234,60
"Mathematics","Spring",9,234,60
"Mathematics","Spring",10,237,60
"Mathematics","Spring",11,239,60
"Mathematics","Spring",12,237,60
"Mathematics","Spring",0,163,65
"Mathematics","Spring",1,181,65
"Mathematics","Spring",2,194,65
"Mathematics","Spring",3,206,65
"Mathematics","Spring",4,217,65
"Mathematics","Spring",5,223,65
"Mathematics","Spring",6,227,65
"Mathematics","Spring",7,231,65
"Mathematics","Spring",8,237,65
"Mathematics","Spring",9,237,65
"Mathematics","Spring",10,240,65
"Mathematics","Spring",11,242,65
"Mathematics","Spring",12,240,65
"Mathematics","Spring",0,165,70
"Mathematics","Spring",1,183,70
"Mathematics","Spring",2,196,70
"Mathematics","Spring",3,208,70
"Mathematics","Spring",4,220,70
"Mathematics","Spring",5,226,70
"Mathematics","Spring",6,230,70
"Mathematics","Spring",7,234,70
"Mathematics","Spring",8,239,70
"Mathematics","Spring",9,240,70
"Mathematics","Spring",10,243,70
"Mathematics","Spring",11,245,70
"Mathematics","Spring",12,243,70
"Mathematics","Spring",0,167,75
"Mathematics","Spring",1,185,75
"Mathematics","Spring",2,198,75
"Mathematics","Spring",3,211,75
"Mathematics","Spring",4,222,75
"Mathematics","Spring",5,228,75
"Mathematics","Spring",6,233,75
"Mathematics","Spring",7,237,75
"Mathematics","Spring",8,242,75
"Mathematics","Spring",9,243,75
"Mathematics","Spring",10,246,75
"Mathematics","Spring",11,249,75
"Mathematics","Spring",12,247,75
"Mathematics","Spring",0,169,80
"Mathematics","Spring",1,187,80
"Mathematics","Spring",2,201,80
"Mathematics","Spring",3,213,80
"Mathematics","Spring",4,225,80
"Mathematics","Spring",5,232,80
"Mathematics","Spring",6,236,80
"Mathematics","Spring",7,240,80
"Mathematics","Spring",8,246,80
"Mathematics","Spring",9,247,80
"Mathematics","Spring",10,250,80
"Mathematics","Spring",11,252,80
"Mathematics","Spring",12,251,80
"Mathematics","Spring",0,171,85
"Mathematics","Spring",1,190,85
"Mathematics","Spring",2,204,85
"Mathematics","Spring",3,217,85
"Mathematics","Spring",4,229,85
"Mathematics","Spring",5,235,85
"Mathematics","Spring",6,239,85
"Mathematics","Spring",7,244,85
"Mathematics","Spring",8,250,85
"Mathematics","Spring",9,251,85
"Mathematics","Spring",10,254,85
"Mathematics","Spring",11,257,85
"Mathematics","Spring",12,255,85
"Mathematics","Spring",0,174,90
"Mathematics","Spring",1,193,90
"Mathematics","Spring",2,208,90
"Mathematics","Spring",3,221,90
"Mathematics","Spring",4,233,90
"Mathematics","Spring",5,240,90
"Mathematics","Spring",6,244,90
"Mathematics","Spring",7,249,90
"Mathematics","Spring",8,255,90
"Mathematics","Spring",9,256,90
"Mathematics","Spring",10,260,90
"Mathematics","Spring",11,263,90
"Mathematics","Spring",12,261,90
"Mathematics","Spring",0,179,95
"Mathematics","Spring",1,199,95
"Mathematics","Spring",2,214,95
"Mathematics","Spring",3,227,95
"Mathematics","Spring",4,240,95
"Mathematics","Spring",5,246,95
"Mathematics","Spring",6,251,95
"Mathematics","Spring",7,256,95
"Mathematics","Spring",8,262,95
"Mathematics","Spring",9,263,95
"Mathematics","Spring",10,268,95
"Mathematics","Spring",11,271,95
"Mathematics","Spring",12,269,95
"Reading","Fall",0,123,5
"Reading","Fall",1,134,5
"Reading","Fall",2,142,5
"Reading","Fall",3,155,5
"Reading","Fall",4,166,5
"Reading","Fall",5,175,5
"Reading","Fall",6,181,5
"Reading","Fall",7,185,5
"Reading","Fall",8,188,5
"Reading","Fall",9,186,5
"Reading","Fall",10,188,5
"Reading","Fall",11,188,5
"Reading","Fall",12,187,5
"Reading","Fall",0,126,10
"Reading","Fall",1,139,10
"Reading","Fall",2,148,10
"Reading","Fall",3,161,10
"Reading","Fall",4,173,10
"Reading","Fall",5,181,10
"Reading","Fall",6,187,10
"Reading","Fall",7,191,10
"Reading","Fall",8,194,10
"Reading","Fall",9,193,10
"Reading","Fall",10,195,10
"Reading","Fall",11,195,10
"Reading","Fall",12,193,10
"Reading","Fall",0,128,15
"Reading","Fall",1,142,15
"Reading","Fall",2,152,15
"Reading","Fall",3,166,15
"Reading","Fall",4,177,15
"Reading","Fall",5,186,15
"Reading","Fall",6,191,15
"Reading","Fall",7,195,15
"Reading","Fall",8,198,15
"Reading","Fall",9,197,15
"Reading","Fall",10,199,15
"Reading","Fall",11,199,15
"Reading","Fall",12,198,15
"Reading","Fall",0,130,20
"Reading","Fall",1,145,20
"Reading","Fall",2,156,20
"Reading","Fall",3,169,20
"Reading","Fall",4,181,20
"Reading","Fall",5,189,20
"Reading","Fall",6,195,20
"Reading","Fall",7,198,20
"Reading","Fall",8,201,20
"Reading","Fall",9,201,20
"Reading","Fall",10,203,20
"Reading","Fall",11,203,20
"Reading","Fall",12,202,20
"Reading","Fall",0,132,25
"Reading","Fall",1,147,25
"Reading","Fall",2,159,25
"Reading","Fall",3,172,25
"Reading","Fall",4,184,25
"Reading","Fall",5,192,25
"Reading","Fall",6,198,25
"Reading","Fall",7,201,25
"Reading","Fall",8,204,25
"Reading","Fall",9,204,25
"Reading","Fall",10,206,25
"Reading","Fall",11,206,25
"Reading","Fall",12,205,25
"Reading","Fall",0,133,30
"Reading","Fall",1,149,30
"Reading","Fall",2,161,30
"Reading","Fall",3,175,30
"Reading","Fall",4,186,30
"Reading","Fall",5,195,30
"Reading","Fall",6,200,30
"Reading","Fall",7,204,30
"Reading","Fall",8,207,30
"Reading","Fall",9,207,30
"Reading","Fall",10,208,30
"Reading","Fall",11,209,30
"Reading","Fall",12,208,30
"Reading","Fall",0,134,35
"Reading","Fall",1,150,35
"Reading","Fall",2,163,35
"Reading","Fall",3,178,35
"Reading","Fall",4,189,35
"Reading","Fall",5,197,35
"Reading","Fall",6,202,35
"Reading","Fall",7,206,35
"Reading","Fall",8,209,35
"Reading","Fall",9,209,35
"Reading","Fall",10,211,35
"Reading","Fall",11,211,35
"Reading","Fall",12,210,35
"Reading","Fall",0,136,40
"Reading","Fall",1,152,40
"Reading","Fall",2,166,40
"Reading","Fall",3,180,40
"Reading","Fall",4,191,40
"Reading","Fall",5,199,40
"Reading","Fall",6,205,40
"Reading","Fall",7,208,40
"Reading","Fall",8,211,40
"Reading","Fall",9,212,40
"Reading","Fall",10,213,40
"Reading","Fall",11,214,40
"Reading","Fall",12,213,40
"Reading","Fall",0,137,45
"Reading","Fall",1,154,45
"Reading","Fall",2,168,45
"Reading","Fall",3,182,45
"Reading","Fall",4,194,45
"Reading","Fall",5,201,45
"Reading","Fall",6,207,45
"Reading","Fall",7,210,45
"Reading","Fall",8,214,45
"Reading","Fall",9,214,45
"Reading","Fall",10,215,45
"Reading","Fall",11,216,45
"Reading","Fall",12,215,45
"Reading","Fall",0,138,50
"Reading","Fall",1,155,50
"Reading","Fall",2,170,50
"Reading","Fall",3,185,50
"Reading","Fall",4,196,50
"Reading","Fall",5,204,50
"Reading","Fall",6,209,50
"Reading","Fall",7,212,50
"Reading","Fall",8,216,50
"Reading","Fall",9,216,50
"Reading","Fall",10,218,50
"Reading","Fall",11,218,50
"Reading","Fall",12,218,50
"Reading","Fall",0,139,55
"Reading","Fall",1,157,55
"Reading","Fall",2,172,55
"Reading","Fall",3,187,55
"Reading","Fall",4,198,55
"Reading","Fall",5,206,55
"Reading","Fall",6,211,55
"Reading","Fall",7,214,55
"Reading","Fall",8,218,55
"Reading","Fall",9,218,55
"Reading","Fall",10,220,55
"Reading","Fall",11,220,55
"Reading","Fall",12,220,55
"Reading","Fall",0,140,60
"Reading","Fall",1,159,60
"Reading","Fall",2,174,60
"Reading","Fall",3,189,60
"Reading","Fall",4,200,60
"Reading","Fall",5,208,60
"Reading","Fall",6,213,60
"Reading","Fall",7,217,60
"Reading","Fall",8,220,60
"Reading","Fall",9,221,60
"Reading","Fall",10,222,60
"Reading","Fall",11,223,60
"Reading","Fall",12,222,60
"Reading","Fall",0,142,65
"Reading","Fall",1,160,65
"Reading","Fall",2,177,65
"Reading","Fall",3,192,65
"Reading","Fall",4,203,65
"Reading","Fall",5,210,65
"Reading","Fall",6,215,65
"Reading","Fall",7,219,65
"Reading","Fall",8,222,65
"Reading","Fall",9,223,65
"Reading","Fall",10,225,65
"Reading","Fall",11,225,65
"Reading","Fall",12,225,65
"Reading","Fall",0,143,70
"Reading","Fall",1,162,70
"Reading","Fall",2,179,70
"Reading","Fall",3,194,70
"Reading","Fall",4,205,70
"Reading","Fall",5,213,70
"Reading","Fall",6,218,70
"Reading","Fall",7,221,70
"Reading","Fall",8,225,70
"Reading","Fall",9,226,70
"Reading","Fall",10,227,70
"Reading","Fall",11,228,70
"Reading","Fall",12,228,70
"Reading","Fall",0,144,75
"Reading","Fall",1,164,75
"Reading","Fall",2,182,75
"Reading","Fall",3,197,75
"Reading","Fall",4,208,75
"Reading","Fall",5,215,75
"Reading","Fall",6,220,75
"Reading","Fall",7,224,75
"Reading","Fall",8,227,75
"Reading","Fall",9,228,75
"Reading","Fall",10,230,75
"Reading","Fall",11,230,75
"Reading","Fall",12,230,75
"Reading","Fall",0,146,80
"Reading","Fall",1,166,80
"Reading","Fall",2,184,80
"Reading","Fall",3,200,80
"Reading","Fall",4,211,80
"Reading","Fall",5,218,80
"Reading","Fall",6,223,80
"Reading","Fall",7,226,80
"Reading","Fall",8,230,80
"Reading","Fall",9,231,80
"Reading","Fall",10,233,80
"Reading","Fall",11,233,80
"Reading","Fall",12,234,80
"Reading","Fall",0,148,85
"Reading","Fall",1,169,85
"Reading","Fall",2,188,85
"Reading","Fall",3,204,85
"Reading","Fall",4,215,85
"Reading","Fall",5,222,85
"Reading","Fall",6,226,85
"Reading","Fall",7,230,85
"Reading","Fall",8,233,85
"Reading","Fall",9,235,85
"Reading","Fall",10,236,85
"Reading","Fall",11,237,85
"Reading","Fall",12,237,85
"Reading","Fall",0,150,90
"Reading","Fall",1,172,90
"Reading","Fall",2,192,90
"Reading","Fall",3,208,90
"Reading","Fall",4,219,90
"Reading","Fall",5,226,90
"Reading","Fall",6,231,90
"Reading","Fall",7,234,90
"Reading","Fall",8,238,90
"Reading","Fall",9,239,90
"Reading","Fall",10,241,90
"Reading","Fall",11,241,90
"Reading","Fall",12,242,90
"Reading","Fall",0,153,95
"Reading","Fall",1,177,95
"Reading","Fall",2,198,95
"Reading","Fall",3,215,95
"Reading","Fall",4,226,95
"Reading","Fall",5,232,95
"Reading","Fall",6,237,95
"Reading","Fall",7,240,95
"Reading","Fall",8,244,95
"Reading","Fall",9,246,95
"Reading","Fall",10,247,95
"Reading","Fall",11,248,95
"Reading","Fall",12,249,95
"Reading","Winter",0,128,5
"Reading","Winter",1,139,5
"Reading","Winter",2,149,5
"Reading","Winter",3,160,5
"Reading","Winter",4,170,5
"Reading","Winter",5,178,5
"Reading","Winter",6,183,5
"Reading","Winter",7,186,5
"Reading","Winter",8,189,5
"Reading","Winter",9,187,5
"Reading","Winter",10,188,5
"Reading","Winter",11,188,5
"Reading","Winter",12,186,5
"Reading","Winter",0,132,10
"Reading","Winter",1,145,10
"Reading","Winter",2,155,10
"Reading","Winter",3,167,10
"Reading","Winter",4,177,10
"Reading","Winter",5,184,10
"Reading","Winter",6,189,10
"Reading","Winter",7,192,10
"Reading","Winter",8,195,10
"Reading","Winter",9,194,10
"Reading","Winter",10,195,10
"Reading","Winter",11,194,10
"Reading","Winter",12,192,10
"Reading","Winter",0,135,15
"Reading","Winter",1,148,15
"Reading","Winter",2,159,15
"Reading","Winter",3,171,15
"Reading","Winter",4,181,15
"Reading","Winter",5,189,15
"Reading","Winter",6,193,15
"Reading","Winter",7,196,15
"Reading","Winter",8,199,15
"Reading","Winter",9,198,15
"Reading","Winter",10,199,15
"Reading","Winter",11,199,15
"Reading","Winter",12,197,15
"Reading","Winter",0,137,20
"Reading","Winter",1,151,20
"Reading","Winter",2,162,20
"Reading","Winter",3,175,20
"Reading","Winter",4,184,20
"Reading","Winter",5,192,20
"Reading","Winter",6,197,20
"Reading","Winter",7,200,20
"Reading","Winter",8,203,20
"Reading","Winter",9,201,20
"Reading","Winter",10,203,20
"Reading","Winter",11,203,20
"Reading","Winter",12,201,20
"Reading","Winter",0,139,25
"Reading","Winter",1,153,25
"Reading","Winter",2,165,25
"Reading","Winter",3,178,25
"Reading","Winter",4,187,25
"Reading","Winter",5,195,25
"Reading","Winter",6,199,25
"Reading","Winter",7,202,25
"Reading","Winter",8,205,25
"Reading","Winter",9,205,25
"Reading","Winter",10,206,25
"Reading","Winter",11,206,25
"Reading","Winter",12,204,25
"Reading","Winter",0,140,30
"Reading","Winter",1,155,30
"Reading","Winter",2,168,30
"Reading","Winter",3,180,30
"Reading","Winter",4,190,30
"Reading","Winter",5,197,30
"Reading","Winter",6,202,30
"Reading","Winter",7,205,30
"Reading","Winter",8,208,30
"Reading","Winter",9,207,30
"Reading","Winter",10,209,30
"Reading","Winter",11,208,30
"Reading","Winter",12,207,30
"Reading","Winter",0,142,35
"Reading","Winter",1,157,35
"Reading","Winter",2,170,35
"Reading","Winter",3,183,35
"Reading","Winter",4,193,35
"Reading","Winter",5,200,35
"Reading","Winter",6,204,35
"Reading","Winter",7,207,35
"Reading","Winter",8,210,35
"Reading","Winter",9,210,35
"Reading","Winter",10,211,35
"Reading","Winter",11,211,35
"Reading","Winter",12,210,35
"Reading","Winter",0,143,40
"Reading","Winter",1,159,40
"Reading","Winter",2,172,40
"Reading","Winter",3,185,40
"Reading","Winter",4,195,40
"Reading","Winter",5,202,40
"Reading","Winter",6,206,40
"Reading","Winter",7,210,40
"Reading","Winter",8,213,40
"Reading","Winter",9,212,40
"Reading","Winter",10,214,40
"Reading","Winter",11,213,40
"Reading","Winter",12,212,40
"Reading","Winter",0,145,45
"Reading","Winter",1,161,45
"Reading","Winter",2,175,45
"Reading","Winter",3,188,45
"Reading","Winter",4,197,45
"Reading","Winter",5,204,45
"Reading","Winter",6,209,45
"Reading","Winter",7,212,45
"Reading","Winter",8,215,45
"Reading","Winter",9,214,45
"Reading","Winter",10,216,45
"Reading","Winter",11,216,45
"Reading","Winter",12,214,45
"Reading","Winter",0,146,50
"Reading","Winter",1,163,50
"Reading","Winter",2,177,50
"Reading","Winter",3,190,50
"Reading","Winter",4,199,50
"Reading","Winter",5,206,50
"Reading","Winter",6,211,50
"Reading","Winter",7,214,50
"Reading","Winter",8,217,50
"Reading","Winter",9,217,50
"Reading","Winter",10,218,50
"Reading","Winter",11,218,50
"Reading","Winter",12,217,50
"Reading","Winter",0,147,55
"Reading","Winter",1,164,55
"Reading","Winter",2,179,55
"Reading","Winter",3,192,55
"Reading","Winter",4,202,55
"Reading","Winter",5,209,55
"Reading","Winter",6,213,55
"Reading","Winter",7,216,55
"Reading","Winter",8,219,55
"Reading","Winter",9,219,55
"Reading","Winter",10,220,55
"Reading","Winter",11,220,55
"Reading","Winter",12,219,55
"Reading","Winter",0,149,60
"Reading","Winter",1,166,60
"Reading","Winter",2,181,60
"Reading","Winter",3,194,60
"Reading","Winter",4,204,60
"Reading","Winter",5,211,60
"Reading","Winter",6,215,60
"Reading","Winter",7,218,60
"Reading","Winter",8,221,60
"Reading","Winter",9,221,60
"Reading","Winter",10,223,60
"Reading","Winter",11,223,60
"Reading","Winter",12,222,60
"Reading","Winter",0,150,65
"Reading","Winter",1,168,65
"Reading","Winter",2,183,65
"Reading","Winter",3,197,65
"Reading","Winter",4,206,65
"Reading","Winter",5,213,65
"Reading","Winter",6,217,65
"Reading","Winter",7,220,65
"Reading","Winter",8,223,65
"Reading","Winter",9,224,65
"Reading","Winter",10,225,65
"Reading","Winter",11,225,65
"Reading","Winter",12,224,65
"Reading","Winter",0,152,70
"Reading","Winter",1,170,70
"Reading","Winter",2,186,70
"Reading","Winter",3,199,70
"Reading","Winter",4,209,70
"Reading","Winter",5,215,70
"Reading","Winter",6,219,70
"Reading","Winter",7,223,70
"Reading","Winter",8,226,70
"Reading","Winter",9,226,70
"Reading","Winter",10,228,70
"Reading","Winter",11,228,70
"Reading","Winter",12,227,70
"Reading","Winter",0,153,75
"Reading","Winter",1,172,75
"Reading","Winter",2,188,75
"Reading","Winter",3,202,75
"Reading","Winter",4,211,75
"Reading","Winter",5,218,75
"Reading","Winter",6,222,75
"Reading","Winter",7,225,75
"Reading","Winter",8,228,75
"Reading","Winter",9,229,75
"Reading","Winter",10,230,75
"Reading","Winter",11,230,75
"Reading","Winter",12,230,75
"Reading","Winter",0,155,80
"Reading","Winter",1,174,80
"Reading","Winter",2,191,80
"Reading","Winter",3,205,80
"Reading","Winter",4,214,80
"Reading","Winter",5,221,80
"Reading","Winter",6,225,80
"Reading","Winter",7,228,80
"Reading","Winter",8,231,80
"Reading","Winter",9,232,80
"Reading","Winter",10,233,80
"Reading","Winter",11,233,80
"Reading","Winter",12,233,80
"Reading","Winter",0,157,85
"Reading","Winter",1,177,85
"Reading","Winter",2,194,85
"Reading","Winter",3,209,85
"Reading","Winter",4,218,85
"Reading","Winter",5,224,85
"Reading","Winter",6,228,85
"Reading","Winter",7,231,85
"Reading","Winter",8,235,85
"Reading","Winter",9,236,85
"Reading","Winter",10,237,85
"Reading","Winter",11,237,85
"Reading","Winter",12,237,85
"Reading","Winter",0,160,90
"Reading","Winter",1,181,90
"Reading","Winter",2,199,90
"Reading","Winter",3,213,90
"Reading","Winter",4,222,90
"Reading","Winter",5,228,90
"Reading","Winter",6,232,90
"Reading","Winter",7,235,90
"Reading","Winter",8,239,90
"Reading","Winter",9,240,90
"Reading","Winter",10,241,90
"Reading","Winter",11,242,90
"Reading","Winter",12,241,90
"Reading","Winter",0,164,95
"Reading","Winter",1,186,95
"Reading","Winter",2,205,95
"Reading","Winter",3,220,95
"Reading","Winter",4,229,95
"Reading","Winter",5,235,95
"Reading","Winter",6,238,95
"Reading","Winter",7,241,95
"Reading","Winter",8,245,95
"Reading","Winter",9,247,95
"Reading","Winter",10,248,95
"Reading","Winter",11,248,95
"Reading","Winter",12,248,95
"Reading","Spring",0,131,5
"Reading","Spring",1,142,5
"Reading","Spring",2,153,5
"Reading","Spring",3,164,5
"Reading","Spring",4,173,5
"Reading","Spring",5,180,5
"Reading","Spring",6,185,5
"Reading","Spring",7,187,5
"Reading","Spring",8,190,5
"Reading","Spring",9,187,5
"Reading","Spring",10,188,5
"Reading","Spring",11,187,5
"Reading","Spring",12,184,5
"Reading","Spring",0,136,10
"Reading","Spring",1,148,10
"Reading","Spring",2,159,10
"Reading","Spring",3,171,10
"Reading","Spring",4,179,10
"Reading","Spring",5,186,10
"Reading","Spring",6,191,10
"Reading","Spring",7,193,10
"Reading","Spring",8,196,10
"Reading","Spring",9,194,10
"Reading","Spring",10,195,10
"Reading","Spring",11,194,10
"Reading","Spring",12,191,10
"Reading","Spring",0,139,15
"Reading","Spring",1,152,15
"Reading","Spring",2,164,15
"Reading","Spring",3,175,15
"Reading","Spring",4,184,15
"Reading","Spring",5,191,15
"Reading","Spring",6,195,15
"Reading","Spring",7,197,15
"Reading","Spring",8,200,15
"Reading","Spring",9,198,15
"Reading","Spring",10,200,15
"Reading","Spring",11,198,15
"Reading","Spring",12,196,15
"Reading","Spring",0,141,20
"Reading","Spring",1,155,20
"Reading","Spring",2,167,20
"Reading","Spring",3,179,20
"Reading","Spring",4,187,20
"Reading","Spring",5,194,20
"Reading","Spring",6,198,20
"Reading","Spring",7,201,20
"Reading","Spring",8,203,20
"Reading","Spring",9,202,20
"Reading","Spring",10,203,20
"Reading","Spring",11,202,20
"Reading","Spring",12,200,20
"Reading","Spring",0,143,25
"Reading","Spring",1,157,25
"Reading","Spring",2,170,25
"Reading","Spring",3,182,25
"Reading","Spring",4,190,25
"Reading","Spring",5,197,25
"Reading","Spring",6,201,25
"Reading","Spring",7,203,25
"Reading","Spring",8,206,25
"Reading","Spring",9,205,25
"Reading","Spring",10,206,25
"Reading","Spring",11,205,25
"Reading","Spring",12,203,25
"Reading","Spring",0,145,30
"Reading","Spring",1,160,30
"Reading","Spring",2,173,30
"Reading","Spring",3,184,30
"Reading","Spring",4,193,30
"Reading","Spring",5,199,30
"Reading","Spring",6,203,30
"Reading","Spring",7,206,30
"Reading","Spring",8,209,30
"Reading","Spring",9,208,30
"Reading","Spring",10,209,30
"Reading","Spring",11,208,30
"Reading","Spring",12,206,30
"Reading","Spring",0,147,35
"Reading","Spring",1,162,35
"Reading","Spring",2,175,35
"Reading","Spring",3,187,35
"Reading","Spring",4,195,35
"Reading","Spring",5,202,35
"Reading","Spring",6,206,35
"Reading","Spring",7,208,35
"Reading","Spring",8,211,35
"Reading","Spring",9,210,35
"Reading","Spring",10,211,35
"Reading","Spring",11,211,35
"Reading","Spring",12,209,35
"Reading","Spring",0,149,40
"Reading","Spring",1,164,40
"Reading","Spring",2,177,40
"Reading","Spring",3,189,40
"Reading","Spring",4,198,40
"Reading","Spring",5,204,40
"Reading","Spring",6,208,40
"Reading","Spring",7,211,40
"Reading","Spring",8,213,40
"Reading","Spring",9,213,40
"Reading","Spring",10,214,40
"Reading","Spring",11,213,40
"Reading","Spring",12,211,40
"Reading","Spring",0,150,45
"Reading","Spring",1,166,45
"Reading","Spring",2,180,45
"Reading","Spring",3,192,45
"Reading","Spring",4,200,45
"Reading","Spring",5,206,45
"Reading","Spring",6,210,45
"Reading","Spring",7,213,45
"Reading","Spring",8,216,45
"Reading","Spring",9,215,45
"Reading","Spring",10,216,45
"Reading","Spring",11,215,45
"Reading","Spring",12,214,45
"Reading","Spring",0,152,50
"Reading","Spring",1,168,50
"Reading","Spring",2,182,50
"Reading","Spring",3,194,50
"Reading","Spring",4,202,50
"Reading","Spring",5,208,50
"Reading","Spring",6,212,50
"Reading","Spring",7,215,50
"Reading","Spring",8,218,50
"Reading","Spring",9,217,50
"Reading","Spring",10,218,50
"Reading","Spring",11,218,50
"Reading","Spring",12,216,50
"Reading","Spring",0,154,55
"Reading","Spring",1,170,55
"Reading","Spring",2,184,55
"Reading","Spring",3,196,55
"Reading","Spring",4,204,55
"Reading","Spring",5,211,55
"Reading","Spring",6,214,55
"Reading","Spring",7,217,55
"Reading","Spring",8,220,55
"Reading","Spring",9,219,55
"Reading","Spring",10,221,55
"Reading","Spring",11,220,55
"Reading","Spring",12,219,55
"Reading","Spring",0,155,60
"Reading","Spring",1,172,60
"Reading","Spring",2,186,60
"Reading","Spring",3,198,60
"Reading","Spring",4,207,60
"Reading","Spring",5,213,60
"Reading","Spring",6,216,60
"Reading","Spring",7,219,60
"Reading","Spring",8,222,60
"Reading","Spring",9,222,60
"Reading","Spring",10,223,60
"Reading","Spring",11,223,60
"Reading","Spring",12,221,60
"Reading","Spring",0,157,65
"Reading","Spring",1,174,65
"Reading","Spring",2,188,65
"Reading","Spring",3,201,65
"Reading","Spring",4,209,65
"Reading","Spring",5,215,65
"Reading","Spring",6,218,65
"Reading","Spring",7,221,65
"Reading","Spring",8,224,65
"Reading","Spring",9,224,65
"Reading","Spring",10,225,65
"Reading","Spring",11,225,65
"Reading","Spring",12,224,65
"Reading","Spring",0,159,70
"Reading","Spring",1,176,70
"Reading","Spring",2,191,70
"Reading","Spring",3,203,70
"Reading","Spring",4,211,70
"Reading","Spring",5,217,70
"Reading","Spring",6,221,70
"Reading","Spring",7,224,70
"Reading","Spring",8,227,70
"Reading","Spring",9,227,70
"Reading","Spring",10,228,70
"Reading","Spring",11,228,70
"Reading","Spring",12,226,70
"Reading","Spring",0,161,75
"Reading","Spring",1,178,75
"Reading","Spring",2,193,75
"Reading","Spring",3,206,75
"Reading","Spring",4,214,75
"Reading","Spring",5,220,75
"Reading","Spring",6,223,75
"Reading","Spring",7,226,75
"Reading","Spring",8,229,75
"Reading","Spring",9,230,75
"Reading","Spring",10,231,75
"Reading","Spring",11,230,75
"Reading","Spring",12,229,75
"Reading","Spring",0,163,80
"Reading","Spring",1,181,80
"Reading","Spring",2,196,80
"Reading","Spring",3,209,80
"Reading","Spring",4,217,80
"Reading","Spring",5,223,80
"Reading","Spring",6,226,80
"Reading","Spring",7,229,80
"Reading","Spring",8,232,80
"Reading","Spring",9,233,80
"Reading","Spring",10,234,80
"Reading","Spring",11,234,80
"Reading","Spring",12,233,80
"Reading","Spring",0,165,85
"Reading","Spring",1,184,85
"Reading","Spring",2,200,85
"Reading","Spring",3,213,85
"Reading","Spring",4,220,85
"Reading","Spring",5,226,85
"Reading","Spring",6,229,85
"Reading","Spring",7,232,85
"Reading","Spring",8,236,85
"Reading","Spring",9,236,85
"Reading","Spring",10,237,85
"Reading","Spring",11,237,85
"Reading","Spring",12,236,85
"Reading","Spring",0,168,90
"Reading","Spring",1,188,90
"Reading","Spring",2,204,90
"Reading","Spring",3,217,90
"Reading","Spring",4,225,90
"Reading","Spring",5,230,90
"Reading","Spring",6,233,90
"Reading","Spring",7,237,90
"Reading","Spring",8,240,90
"Reading","Spring",9,241,90
"Reading","Spring",10,242,90
"Reading","Spring",11,242,90
"Reading","Spring",12,241,90
"Reading","Spring",0,173,95
"Reading","Spring",1,193,95
"Reading","Spring",2,210,95
"Reading","Spring",3,224,95
"Reading","Spring",4,231,95
"Reading","Spring",5,237,95
"Reading","Spring",6,239,95
"Reading","Spring",7,243,95
"Reading","Spring",8,246,95
"Reading","Spring",9,247,95
"Reading","Spring",10,248,95
"Reading","Spring",11,249,95
"Reading","Spring",12,248,95
"Language Usage","Fall",2,143,5
"Language Usage","Fall",3,156,5
"Language Usage","Fall",4,167,5
"Language Usage","Fall",5,175,5
"Language Usage","Fall",6,181,5
"Language Usage","Fall",7,184,5
"Language Usage","Fall",8,188,5
"Language Usage","Fall",9,187,5
"Language Usage","Fall",10,188,5
"Language Usage","Fall",11,189,5
"Language Usage","Fall",2,149,10
"Language Usage","Fall",3,162,10
"Language Usage","Fall",4,173,10
"Language Usage","Fall",5,181,10
"Language Usage","Fall",6,186,10
"Language Usage","Fall",7,190,10
"Language Usage","Fall",8,194,10
"Language Usage","Fall",9,193,10
"Language Usage","Fall",10,194,10
"Language Usage","Fall",11,196,10
"Language Usage","Fall",2,153,15
"Language Usage","Fall",3,166,15
"Language Usage","Fall",4,177,15
"Language Usage","Fall",5,185,15
"Language Usage","Fall",6,190,15
"Language Usage","Fall",7,194,15
"Language Usage","Fall",8,197,15
"Language Usage","Fall",9,197,15
"Language Usage","Fall",10,198,15
"Language Usage","Fall",11,200,15
"Language Usage","Fall",2,157,20
"Language Usage","Fall",3,170,20
"Language Usage","Fall",4,181,20
"Language Usage","Fall",5,188,20
"Language Usage","Fall",6,193,20
"Language Usage","Fall",7,197,20
"Language Usage","Fall",8,201,20
"Language Usage","Fall",9,200,20
"Language Usage","Fall",10,201,20
"Language Usage","Fall",11,203,20
"Language Usage","Fall",2,159,25
"Language Usage","Fall",3,173,25
"Language Usage","Fall",4,183,25
"Language Usage","Fall",5,191,25
"Language Usage","Fall",6,196,25
"Language Usage","Fall",7,199,25
"Language Usage","Fall",8,203,25
"Language Usage","Fall",9,203,25
"Language Usage","Fall",10,204,25
"Language Usage","Fall",11,206,25
"Language Usage","Fall",2,162,30
"Language Usage","Fall",3,175,30
"Language Usage","Fall",4,186,30
"Language Usage","Fall",5,193,30
"Language Usage","Fall",6,198,30
"Language Usage","Fall",7,202,30
"Language Usage","Fall",8,206,30
"Language Usage","Fall",9,205,30
"Language Usage","Fall",10,207,30
"Language Usage","Fall",11,209,30
"Language Usage","Fall",2,164,35
"Language Usage","Fall",3,178,35
"Language Usage","Fall",4,188,35
"Language Usage","Fall",5,196,35
"Language Usage","Fall",6,200,35
"Language Usage","Fall",7,204,35
"Language Usage","Fall",8,208,35
"Language Usage","Fall",9,208,35
"Language Usage","Fall",10,209,35
"Language Usage","Fall",11,211,35
"Language Usage","Fall",2,166,40
"Language Usage","Fall",3,180,40
"Language Usage","Fall",4,190,40
"Language Usage","Fall",5,198,40
"Language Usage","Fall",6,203,40
"Language Usage","Fall",7,206,40
"Language Usage","Fall",8,210,40
"Language Usage","Fall",9,210,40
"Language Usage","Fall",10,212,40
"Language Usage","Fall",11,213,40
"Language Usage","Fall",2,168,45
"Language Usage","Fall",3,182,45
"Language Usage","Fall",4,193,45
"Language Usage","Fall",5,200,45
"Language Usage","Fall",6,205,45
"Language Usage","Fall",7,208,45
"Language Usage","Fall",8,212,45
"Language Usage","Fall",9,212,45
"Language Usage","Fall",10,214,45
"Language Usage","Fall",11,215,45
"Language Usage","Fall",2,170,50
"Language Usage","Fall",3,184,50
"Language Usage","Fall",4,195,50
"Language Usage","Fall",5,202,50
"Language Usage","Fall",6,206,50
"Language Usage","Fall",7,210,50
"Language Usage","Fall",8,214,50
"Language Usage","Fall",9,214,50
"Language Usage","Fall",10,216,50
"Language Usage","Fall",11,218,50
"Language Usage","Fall",2,173,55
"Language Usage","Fall",3,187,55
"Language Usage","Fall",4,197,55
"Language Usage","Fall",5,204,55
"Language Usage","Fall",6,208,55
"Language Usage","Fall",7,212,55
"Language Usage","Fall",8,216,55
"Language Usage","Fall",9,216,55
"Language Usage","Fall",10,218,55
"Language Usage","Fall",11,220,55
"Language Usage","Fall",2,175,60
"Language Usage","Fall",3,189,60
"Language Usage","Fall",4,199,60
"Language Usage","Fall",5,206,60
"Language Usage","Fall",6,210,60
"Language Usage","Fall",7,214,60
"Language Usage","Fall",8,218,60
"Language Usage","Fall",9,218,60
"Language Usage","Fall",10,220,60
"Language Usage","Fall",11,222,60
"Language Usage","Fall",2,177,65
"Language Usage","Fall",3,191,65
"Language Usage","Fall",4,201,65
"Language Usage","Fall",5,208,65
"Language Usage","Fall",6,213,65
"Language Usage","Fall",7,216,65
"Language Usage","Fall",8,220,65
"Language Usage","Fall",9,220,65
"Language Usage","Fall",10,222,65
"Language Usage","Fall",11,224,65
"Language Usage","Fall",2,179,70
"Language Usage","Fall",3,194,70
"Language Usage","Fall",4,204,70
"Language Usage","Fall",5,210,70
"Language Usage","Fall",6,215,70
"Language Usage","Fall",7,218,70
"Language Usage","Fall",8,222,70
"Language Usage","Fall",9,223,70
"Language Usage","Fall",10,225,70
"Language Usage","Fall",11,227,70
"Language Usage","Fall",2,182,75
"Language Usage","Fall",3,196,75
"Language Usage","Fall",4,206,75
"Language Usage","Fall",5,213,75
"Language Usage","Fall",6,217,75
"Language Usage","Fall",7,221,75
"Language Usage","Fall",8,224,75
"Language Usage","Fall",9,225,75
"Language Usage","Fall",10,227,75
"Language Usage","Fall",11,229,75
"Language Usage","Fall",2,184,80
"Language Usage","Fall",3,199,80
"Language Usage","Fall",4,209,80
"Language Usage","Fall",5,215,80
"Language Usage","Fall",6,220,80
"Language Usage","Fall",7,223,80
"Language Usage","Fall",8,227,80
"Language Usage","Fall",9,228,80
"Language Usage","Fall",10,230,80
"Language Usage","Fall",11,232,80
"Language Usage","Fall",2,188,85
"Language Usage","Fall",3,202,85
"Language Usage","Fall",4,212,85
"Language Usage","Fall",5,219,85
"Language Usage","Fall",6,223,85
"Language Usage","Fall",7,226,85
"Language Usage","Fall",8,230,85
"Language Usage","Fall",9,231,85
"Language Usage","Fall",10,234,85
"Language Usage","Fall",11,235,85
"Language Usage","Fall",2,192,90
"Language Usage","Fall",3,207,90
"Language Usage","Fall",4,216,90
"Language Usage","Fall",5,222,90
"Language Usage","Fall",6,227,90
"Language Usage","Fall",7,230,90
"Language Usage","Fall",8,234,90
"Language Usage","Fall",9,235,90
"Language Usage","Fall",10,238,90
"Language Usage","Fall",11,240,90
"Language Usage","Fall",2,198,95
"Language Usage","Fall",3,213,95
"Language Usage","Fall",4,222,95
"Language Usage","Fall",5,228,95
"Language Usage","Fall",6,232,95
"Language Usage","Fall",7,236,95
"Language Usage","Fall",8,239,95
"Language Usage","Fall",9,241,95
"Language Usage","Fall",10,244,95
"Language Usage","Fall",11,246,95
"Language Usage","Winter",2,151,5
"Language Usage","Winter",3,162,5
"Language Usage","Winter",4,171,5
"Language Usage","Winter",5,179,5
"Language Usage","Winter",6,183,5
"Language Usage","Winter",7,186,5
"Language Usage","Winter",8,189,5
"Language Usage","Winter",9,187,5
"Language Usage","Winter",10,188,5
"Language Usage","Winter",11,189,5
"Language Usage","Winter",2,157,10
"Language Usage","Winter",3,168,10
"Language Usage","Winter",4,177,10
"Language Usage","Winter",5,185,10
"Language Usage","Winter",6,188,10
"Language Usage","Winter",7,192,10
"Language Usage","Winter",8,195,10
"Language Usage","Winter",9,193,10
"Language Usage","Winter",10,195,10
"Language Usage","Winter",11,196,10
"Language Usage","Winter",2,161,15
"Language Usage","Winter",3,172,15
"Language Usage","Winter",4,181,15
"Language Usage","Winter",5,188,15
"Language Usage","Winter",6,192,15
"Language Usage","Winter",7,195,15
"Language Usage","Winter",8,199,15
"Language Usage","Winter",9,197,15
"Language Usage","Winter",10,199,15
"Language Usage","Winter",11,200,15
"Language Usage","Winter",2,164,20
"Language Usage","Winter",3,175,20
"Language Usage","Winter",4,185,20
"Language Usage","Winter",5,191,20
"Language Usage","Winter",6,195,20
"Language Usage","Winter",7,198,20
"Language Usage","Winter",8,202,20
"Language Usage","Winter",9,201,20
"Language Usage","Winter",10,202,20
"Language Usage","Winter",11,203,20
"Language Usage","Winter",2,167,25
"Language Usage","Winter",3,178,25
"Language Usage","Winter",4,187,25
"Language Usage","Winter",5,194,25
"Language Usage","Winter",6,198,25
"Language Usage","Winter",7,201,25
"Language Usage","Winter",8,205,25
"Language Usage","Winter",9,204,25
"Language Usage","Winter",10,205,25
"Language Usage","Winter",11,206,25
"Language Usage","Winter",2,169,30
"Language Usage","Winter",3,181,30
"Language Usage","Winter",4,190,30
"Language Usage","Winter",5,197,30
"Language Usage","Winter",6,200,30
"Language Usage","Winter",7,203,30
"Language Usage","Winter",8,207,30
"Language Usage","Winter",9,206,30
"Language Usage","Winter",10,208,30
"Language Usage","Winter",11,209,30
"Language Usage","Winter",2,171,35
"Language Usage","Winter",3,183,35
"Language Usage","Winter",4,192,35
"Language Usage","Winter",5,199,35
"Language Usage","Winter",6,203,35
"Language Usage","Winter",7,206,35
"Language Usage","Winter",8,209,35
"Language Usage","Winter",9,208,35
"Language Usage","Winter",10,210,35
"Language Usage","Winter",11,211,35
"Language Usage","Winter",2,173,40
"Language Usage","Winter",3,185,40
"Language Usage","Winter",4,194,40
"Language Usage","Winter",5,201,40
"Language Usage","Winter",6,205,40
"Language Usage","Winter",7,208,40
"Language Usage","Winter",8,211,40
"Language Usage","Winter",9,211,40
"Language Usage","Winter",10,212,40
"Language Usage","Winter",11,214,40
"Language Usage","Winter",2,176,45
"Language Usage","Winter",3,187,45
"Language Usage","Winter",4,196,45
"Language Usage","Winter",5,203,45
"Language Usage","Winter",6,207,45
"Language Usage","Winter",7,210,45
"Language Usage","Winter",8,213,45
"Language Usage","Winter",9,213,45
"Language Usage","Winter",10,215,45
"Language Usage","Winter",11,216,45
"Language Usage","Winter",2,178,50
"Language Usage","Winter",3,190,50
"Language Usage","Winter",4,198,50
"Language Usage","Winter",5,205,50
"Language Usage","Winter",6,209,50
"Language Usage","Winter",7,212,50
"Language Usage","Winter",8,215,50
"Language Usage","Winter",9,215,50
"Language Usage","Winter",10,217,50
"Language Usage","Winter",11,218,50
"Language Usage","Winter",2,180,55
"Language Usage","Winter",3,192,55
"Language Usage","Winter",4,201,55
"Language Usage","Winter",5,207,55
"Language Usage","Winter",6,211,55
"Language Usage","Winter",7,214,55
"Language Usage","Winter",8,217,55
"Language Usage","Winter",9,217,55
"Language Usage","Winter",10,219,55
"Language Usage","Winter",11,220,55
"Language Usage","Winter",2,182,60
"Language Usage","Winter",3,194,60
"Language Usage","Winter",4,203,60
"Language Usage","Winter",5,209,60
"Language Usage","Winter",6,213,60
"Language Usage","Winter",7,216,60
"Language Usage","Winter",8,219,60
"Language Usage","Winter",9,219,60
"Language Usage","Winter",10,221,60
"Language Usage","Winter",11,222,60
"Language Usage","Winter",2,184,65
"Language Usage","Winter",3,196,65
"Language Usage","Winter",4,205,65
"Language Usage","Winter",5,211,65
"Language Usage","Winter",6,215,65
"Language Usage","Winter",7,218,65
"Language Usage","Winter",8,221,65
"Language Usage","Winter",9,221,65
"Language Usage","Winter",10,223,65
"Language Usage","Winter",11,225,65
"Language Usage","Winter",2,186,70
"Language Usage","Winter",3,198,70
"Language Usage","Winter",4,207,70
"Language Usage","Winter",5,213,70
"Language Usage","Winter",6,217,70
"Language Usage","Winter",7,220,70
"Language Usage","Winter",8,224,70
"Language Usage","Winter",9,224,70
"Language Usage","Winter",10,226,70
"Language Usage","Winter",11,227,70
"Language Usage","Winter",2,189,75
"Language Usage","Winter",3,201,75
"Language Usage","Winter",4,210,75
"Language Usage","Winter",5,215,75
"Language Usage","Winter",6,219,75
"Language Usage","Winter",7,222,75
"Language Usage","Winter",8,226,75
"Language Usage","Winter",9,226,75
"Language Usage","Winter",10,228,75
"Language Usage","Winter",11,230,75
"Language Usage","Winter",2,191,80
"Language Usage","Winter",3,204,80
"Language Usage","Winter",4,212,80
"Language Usage","Winter",5,218,80
"Language Usage","Winter",6,222,80
"Language Usage","Winter",7,225,80
"Language Usage","Winter",8,229,80
"Language Usage","Winter",9,229,80
"Language Usage","Winter",10,231,80
"Language Usage","Winter",11,233,80
"Language Usage","Winter",2,195,85
"Language Usage","Winter",3,207,85
"Language Usage","Winter",4,216,85
"Language Usage","Winter",5,221,85
"Language Usage","Winter",6,225,85
"Language Usage","Winter",7,228,85
"Language Usage","Winter",8,232,85
"Language Usage","Winter",9,232,85
"Language Usage","Winter",10,235,85
"Language Usage","Winter",11,236,85
"Language Usage","Winter",2,199,90
"Language Usage","Winter",3,211,90
"Language Usage","Winter",4,220,90
"Language Usage","Winter",5,225,90
"Language Usage","Winter",6,229,90
"Language Usage","Winter",7,232,90
"Language Usage","Winter",8,236,90
"Language Usage","Winter",9,236,90
"Language Usage","Winter",10,239,90
"Language Usage","Winter",11,240,90
"Language Usage","Winter",2,205,95
"Language Usage","Winter",3,218,95
"Language Usage","Winter",4,226,95
"Language Usage","Winter",5,231,95
"Language Usage","Winter",6,234,95
"Language Usage","Winter",7,238,95
"Language Usage","Winter",8,241,95
"Language Usage","Winter",9,242,95
"Language Usage","Winter",10,245,95
"Language Usage","Winter",11,247,95
"Language Usage","Spring",2,156,5
"Language Usage","Spring",3,166,5
"Language Usage","Spring",4,175,5
"Language Usage","Spring",5,181,5
"Language Usage","Spring",6,184,5
"Language Usage","Spring",7,187,5
"Language Usage","Spring",8,190,5
"Language Usage","Spring",9,188,5
"Language Usage","Spring",10,189,5
"Language Usage","Spring",11,189,5
"Language Usage","Spring",2,162,10
"Language Usage","Spring",3,172,10
"Language Usage","Spring",4,180,10
"Language Usage","Spring",5,187,10
"Language Usage","Spring",6,190,10
"Language Usage","Spring",7,193,10
"Language Usage","Spring",8,196,10
"Language Usage","Spring",9,194,10
"Language Usage","Spring",10,195,10
"Language Usage","Spring",11,196,10
"Language Usage","Spring",2,166,15
"Language Usage","Spring",3,176,15
"Language Usage","Spring",4,184,15
"Language Usage","Spring",5,191,15
"Language Usage","Spring",6,194,15
"Language Usage","Spring",7,197,15
"Language Usage","Spring",8,200,15
"Language Usage","Spring",9,198,15
"Language Usage","Spring",10,199,15
"Language Usage","Spring",11,200,15
"Language Usage","Spring",2,169,20
"Language Usage","Spring",3,179,20
"Language Usage","Spring",4,188,20
"Language Usage","Spring",5,194,20
"Language Usage","Spring",6,197,20
"Language Usage","Spring",7,200,20
"Language Usage","Spring",8,203,20
"Language Usage","Spring",9,201,20
"Language Usage","Spring",10,203,20
"Language Usage","Spring",11,203,20
"Language Usage","Spring",2,172,25
"Language Usage","Spring",3,182,25
"Language Usage","Spring",4,190,25
"Language Usage","Spring",5,196,25
"Language Usage","Spring",6,199,25
"Language Usage","Spring",7,202,25
"Language Usage","Spring",8,206,25
"Language Usage","Spring",9,204,25
"Language Usage","Spring",10,206,25
"Language Usage","Spring",11,206,25
"Language Usage","Spring",2,174,30
"Language Usage","Spring",3,185,30
"Language Usage","Spring",4,193,30
"Language Usage","Spring",5,199,30
"Language Usage","Spring",6,202,30
"Language Usage","Spring",7,205,30
"Language Usage","Spring",8,208,30
"Language Usage","Spring",9,207,30
"Language Usage","Spring",10,208,30
"Language Usage","Spring",11,209,30
"Language Usage","Spring",2,176,35
"Language Usage","Spring",3,187,35
"Language Usage","Spring",4,195,35
"Language Usage","Spring",5,201,35
"Language Usage","Spring",6,204,35
"Language Usage","Spring",7,207,35
"Language Usage","Spring",8,210,35
"Language Usage","Spring",9,209,35
"Language Usage","Spring",10,211,35
"Language Usage","Spring",11,212,35
"Language Usage","Spring",2,179,40
"Language Usage","Spring",3,189,40
"Language Usage","Spring",4,197,40
"Language Usage","Spring",5,203,40
"Language Usage","Spring",6,206,40
"Language Usage","Spring",7,209,40
"Language Usage","Spring",8,213,40
"Language Usage","Spring",9,211,40
"Language Usage","Spring",10,213,40
"Language Usage","Spring",11,214,40
"Language Usage","Spring",2,181,45
"Language Usage","Spring",3,191,45
"Language Usage","Spring",4,199,45
"Language Usage","Spring",5,205,45
"Language Usage","Spring",6,208,45
"Language Usage","Spring",7,211,45
"Language Usage","Spring",8,215,45
"Language Usage","Spring",9,213,45
"Language Usage","Spring",10,215,45
"Language Usage","Spring",11,216,45
"Language Usage","Spring",2,183,50
"Language Usage","Spring",3,193,50
"Language Usage","Spring",4,201,50
"Language Usage","Spring",5,207,50
"Language Usage","Spring",6,210,50
"Language Usage","Spring",7,213,50
"Language Usage","Spring",8,217,50
"Language Usage","Spring",9,216,50
"Language Usage","Spring",10,217,50
"Language Usage","Spring",11,218,50
"Language Usage","Spring",2,185,55
"Language Usage","Spring",3,196,55
"Language Usage","Spring",4,203,55
"Language Usage","Spring",5,209,55
"Language Usage","Spring",6,212,55
"Language Usage","Spring",7,215,55
"Language Usage","Spring",8,219,55
"Language Usage","Spring",9,218,55
"Language Usage","Spring",10,220,55
"Language Usage","Spring",11,221,55
"Language Usage","Spring",2,187,60
"Language Usage","Spring",3,198,60
"Language Usage","Spring",4,205,60
"Language Usage","Spring",5,211,60
"Language Usage","Spring",6,214,60
"Language Usage","Spring",7,217,60
"Language Usage","Spring",8,221,60
"Language Usage","Spring",9,220,60
"Language Usage","Spring",10,222,60
"Language Usage","Spring",11,223,60
"Language Usage","Spring",2,189,65
"Language Usage","Spring",3,200,65
"Language Usage","Spring",4,208,65
"Language Usage","Spring",5,213,65
"Language Usage","Spring",6,216,65
"Language Usage","Spring",7,219,65
"Language Usage","Spring",8,223,65
"Language Usage","Spring",9,222,65
"Language Usage","Spring",10,224,65
"Language Usage","Spring",11,225,65
"Language Usage","Spring",2,192,70
"Language Usage","Spring",3,202,70
"Language Usage","Spring",4,210,70
"Language Usage","Spring",5,215,70
"Language Usage","Spring",6,218,70
"Language Usage","Spring",7,221,70
"Language Usage","Spring",8,225,70
"Language Usage","Spring",9,224,70
"Language Usage","Spring",10,227,70
"Language Usage","Spring",11,228,70
"Language Usage","Spring",2,194,75
"Language Usage","Spring",3,205,75
"Language Usage","Spring",4,212,75
"Language Usage","Spring",5,218,75
"Language Usage","Spring",6,221,75
"Language Usage","Spring",7,224,75
"Language Usage","Spring",8,227,75
"Language Usage","Spring",9,227,75
"Language Usage","Spring",10,229,75
"Language Usage","Spring",11,230,75
"Language Usage","Spring",2,197,80
"Language Usage","Spring",3,208,80
"Language Usage","Spring",4,215,80
"Language Usage","Spring",5,220,80
"Language Usage","Spring",6,223,80
"Language Usage","Spring",7,226,80
"Language Usage","Spring",8,230,80
"Language Usage","Spring",9,230,80
"Language Usage","Spring",10,232,80
"Language Usage","Spring",11,233,80
"Language Usage","Spring",2,200,85
"Language Usage","Spring",3,211,85
"Language Usage","Spring",4,218,85
"Language Usage","Spring",5,223,85
"Language Usage","Spring",6,226,85
"Language Usage","Spring",7,229,85
"Language Usage","Spring",8,233,85
"Language Usage","Spring",9,233,85
"Language Usage","Spring",10,235,85
"Language Usage","Spring",11,237,85
"Language Usage","Spring",2,204,90
"Language Usage","Spring",3,215,90
"Language Usage","Spring",4,222,90
"Language Usage","Spring",5,227,90
"Language Usage","Spring",6,230,90
"Language Usage","Spring",7,233,90
"Language Usage","Spring",8,237,90
"Language Usage","Spring",9,237,90
"Language Usage","Spring",10,240,90
"Language Usage","Spring",11,241,90
"Language Usage","Spring",2,210,95
"Language Usage","Spring",3,221,95
"Language Usage","Spring",4,228,95
"Language Usage","Spring",5,233,95
"Language Usage","Spring",6,236,95
"Language Usage","Spring",7,239,95
"Language Usage","Spring",8,243,95
"Language Usage","Spring",9,244,95
"Language Usage","Spring",10,246,95
"Language Usage","Spring",11,248,95
"General Science","Fall",2,154,5
"General Science","Fall",3,165,5
"General Science","Fall",4,174,5
"General Science","Fall",5,179,5
"General Science","Fall",6,183,5
"General Science","Fall",7,185,5
"General Science","Fall",8,186,5
"General Science","Fall",9,190,5
"General Science","Fall",10,191,5
"General Science","Fall",11,5,5
"General Science","Fall",2,159,10
"General Science","Fall",3,170,10
"General Science","Fall",4,178,10
"General Science","Fall",5,184,10
"General Science","Fall",6,187,10
"General Science","Fall",7,190,10
"General Science","Fall",8,191,10
"General Science","Fall",9,195,10
"General Science","Fall",10,196,10
"General Science","Fall",11,10,10
"General Science","Fall",2,162,15
"General Science","Fall",3,173,15
"General Science","Fall",4,181,15
"General Science","Fall",5,187,15
"General Science","Fall",6,191,15
"General Science","Fall",7,193,15
"General Science","Fall",8,195,15
"General Science","Fall",9,198,15
"General Science","Fall",10,200,15
"General Science","Fall",11,15,15
"General Science","Fall",2,165,20
"General Science","Fall",3,176,20
"General Science","Fall",4,184,20
"General Science","Fall",5,190,20
"General Science","Fall",6,193,20
"General Science","Fall",7,196,20
"General Science","Fall",8,198,20
"General Science","Fall",9,201,20
"General Science","Fall",10,202,20
"General Science","Fall",11,20,20
"General Science","Fall",2,167,25
"General Science","Fall",3,178,25
"General Science","Fall",4,186,25
"General Science","Fall",5,192,25
"General Science","Fall",6,195,25
"General Science","Fall",7,198,25
"General Science","Fall",8,200,25
"General Science","Fall",9,203,25
"General Science","Fall",10,204,25
"General Science","Fall",11,25,25
"General Science","Fall",2,169,30
"General Science","Fall",3,180,30
"General Science","Fall",4,188,30
"General Science","Fall",5,194,30
"General Science","Fall",6,197,30
"General Science","Fall",7,200,30
"General Science","Fall",8,202,30
"General Science","Fall",9,205,30
"General Science","Fall",10,206,30
"General Science","Fall",11,30,30
"General Science","Fall",2,171,35
"General Science","Fall",3,182,35
"General Science","Fall",4,190,35
"General Science","Fall",5,196,35
"General Science","Fall",6,199,35
"General Science","Fall",7,202,35
"General Science","Fall",8,204,35
"General Science","Fall",9,207,35
"General Science","Fall",10,208,35
"General Science","Fall",11,35,35
"General Science","Fall",2,173,40
"General Science","Fall",3,184,40
"General Science","Fall",4,192,40
"General Science","Fall",5,198,40
"General Science","Fall",6,201,40
"General Science","Fall",7,204,40
"General Science","Fall",8,206,40
"General Science","Fall",9,208,40
"General Science","Fall",10,210,40
"General Science","Fall",11,40,40
"General Science","Fall",2,174,45
"General Science","Fall",3,186,45
"General Science","Fall",4,193,45
"General Science","Fall",5,199,45
"General Science","Fall",6,202,45
"General Science","Fall",7,205,45
"General Science","Fall",8,208,45
"General Science","Fall",9,210,45
"General Science","Fall",10,212,45
"General Science","Fall",11,45,45
"General Science","Fall",2,176,50
"General Science","Fall",3,187,50
"General Science","Fall",4,195,50
"General Science","Fall",5,201,50
"General Science","Fall",6,204,50
"General Science","Fall",7,207,50
"General Science","Fall",8,210,50
"General Science","Fall",9,212,50
"General Science","Fall",10,213,50
"General Science","Fall",11,50,50
"General Science","Fall",2,178,55
"General Science","Fall",3,189,55
"General Science","Fall",4,197,55
"General Science","Fall",5,203,55
"General Science","Fall",6,206,55
"General Science","Fall",7,209,55
"General Science","Fall",8,211,55
"General Science","Fall",9,213,55
"General Science","Fall",10,215,55
"General Science","Fall",11,55,55
"General Science","Fall",2,180,60
"General Science","Fall",3,191,60
"General Science","Fall",4,198,60
"General Science","Fall",5,204,60
"General Science","Fall",6,207,60
"General Science","Fall",7,211,60
"General Science","Fall",8,213,60
"General Science","Fall",9,215,60
"General Science","Fall",10,217,60
"General Science","Fall",11,60,60
"General Science","Fall",2,182,65
"General Science","Fall",3,192,65
"General Science","Fall",4,200,65
"General Science","Fall",5,206,65
"General Science","Fall",6,209,65
"General Science","Fall",7,212,65
"General Science","Fall",8,215,65
"General Science","Fall",9,217,65
"General Science","Fall",10,218,65
"General Science","Fall",11,65,65
"General Science","Fall",2,183,70
"General Science","Fall",3,194,70
"General Science","Fall",4,202,70
"General Science","Fall",5,208,70
"General Science","Fall",6,211,70
"General Science","Fall",7,214,70
"General Science","Fall",8,217,70
"General Science","Fall",9,219,70
"General Science","Fall",10,220,70
"General Science","Fall",11,70,70
"General Science","Fall",2,185,75
"General Science","Fall",3,196,75
"General Science","Fall",4,204,75
"General Science","Fall",5,210,75
"General Science","Fall",6,213,75
"General Science","Fall",7,216,75
"General Science","Fall",8,219,75
"General Science","Fall",9,221,75
"General Science","Fall",10,222,75
"General Science","Fall",11,75,75
"General Science","Fall",2,188,80
"General Science","Fall",3,198,80
"General Science","Fall",4,206,80
"General Science","Fall",5,212,80
"General Science","Fall",6,215,80
"General Science","Fall",7,219,80
"General Science","Fall",8,222,80
"General Science","Fall",9,223,80
"General Science","Fall",10,224,80
"General Science","Fall",11,80,80
"General Science","Fall",2,190,85
"General Science","Fall",3,201,85
"General Science","Fall",4,208,85
"General Science","Fall",5,215,85
"General Science","Fall",6,218,85
"General Science","Fall",7,221,85
"General Science","Fall",8,224,85
"General Science","Fall",9,225,85
"General Science","Fall",10,227,85
"General Science","Fall",11,85,85
"General Science","Fall",2,194,90
"General Science","Fall",3,204,90
"General Science","Fall",4,211,90
"General Science","Fall",5,218,90
"General Science","Fall",6,221,90
"General Science","Fall",7,225,90
"General Science","Fall",8,228,90
"General Science","Fall",9,228,90
"General Science","Fall",10,230,90
"General Science","Fall",11,90,90
"General Science","Fall",2,199,95
"General Science","Fall",3,209,95
"General Science","Fall",4,216,95
"General Science","Fall",5,223,95
"General Science","Fall",6,226,95
"General Science","Fall",7,230,95
"General Science","Fall",8,233,95
"General Science","Fall",9,233,95
"General Science","Fall",10,235,95
"General Science","Fall",11,95,95
"General Science","Winter",2,160,5
"General Science","Winter",3,170,5
"General Science","Winter",4,177,5
"General Science","Winter",5,182,5
"General Science","Winter",6,184,5
"General Science","Winter",7,186,5
"General Science","Winter",8,187,5
"General Science","Winter",9,190,5
"General Science","Winter",10,191,5
"General Science","Winter",11,5,5
"General Science","Winter",2,165,10
"General Science","Winter",3,175,10
"General Science","Winter",4,181,10
"General Science","Winter",5,187,10
"General Science","Winter",6,189,10
"General Science","Winter",7,191,10
"General Science","Winter",8,193,10
"General Science","Winter",9,195,10
"General Science","Winter",10,196,10
"General Science","Winter",11,10,10
"General Science","Winter",2,168,15
"General Science","Winter",3,178,15
"General Science","Winter",4,184,15
"General Science","Winter",5,190,15
"General Science","Winter",6,192,15
"General Science","Winter",7,194,15
"General Science","Winter",8,196,15
"General Science","Winter",9,199,15
"General Science","Winter",10,199,15
"General Science","Winter",11,15,15
"General Science","Winter",2,171,20
"General Science","Winter",3,180,20
"General Science","Winter",4,187,20
"General Science","Winter",5,193,20
"General Science","Winter",6,195,20
"General Science","Winter",7,197,20
"General Science","Winter",8,199,20
"General Science","Winter",9,201,20
"General Science","Winter",10,202,20
"General Science","Winter",11,20,20
"General Science","Winter",2,173,25
"General Science","Winter",3,182,25
"General Science","Winter",4,189,25
"General Science","Winter",5,195,25
"General Science","Winter",6,197,25
"General Science","Winter",7,199,25
"General Science","Winter",8,202,25
"General Science","Winter",9,204,25
"General Science","Winter",10,205,25
"General Science","Winter",11,25,25
"General Science","Winter",2,175,30
"General Science","Winter",3,184,30
"General Science","Winter",4,191,30
"General Science","Winter",5,197,30
"General Science","Winter",6,199,30
"General Science","Winter",7,201,30
"General Science","Winter",8,204,30
"General Science","Winter",9,206,30
"General Science","Winter",10,207,30
"General Science","Winter",11,30,30
"General Science","Winter",2,176,35
"General Science","Winter",3,186,35
"General Science","Winter",4,193,35
"General Science","Winter",5,199,35
"General Science","Winter",6,201,35
"General Science","Winter",7,203,35
"General Science","Winter",8,206,35
"General Science","Winter",9,207,35
"General Science","Winter",10,209,35
"General Science","Winter",11,35,35
"General Science","Winter",2,178,40
"General Science","Winter",3,188,40
"General Science","Winter",4,195,40
"General Science","Winter",5,201,40
"General Science","Winter",6,202,40
"General Science","Winter",7,205,40
"General Science","Winter",8,208,40
"General Science","Winter",9,209,40
"General Science","Winter",10,210,40
"General Science","Winter",11,40,40
"General Science","Winter",2,180,45
"General Science","Winter",3,190,45
"General Science","Winter",4,196,45
"General Science","Winter",5,203,45
"General Science","Winter",6,204,45
"General Science","Winter",7,207,45
"General Science","Winter",8,210,45
"General Science","Winter",9,211,45
"General Science","Winter",10,212,45
"General Science","Winter",11,45,45
"General Science","Winter",2,181,50
"General Science","Winter",3,191,50
"General Science","Winter",4,198,50
"General Science","Winter",5,204,50
"General Science","Winter",6,206,50
"General Science","Winter",7,209,50
"General Science","Winter",8,211,50
"General Science","Winter",9,213,50
"General Science","Winter",10,214,50
"General Science","Winter",11,50,50
"General Science","Winter",2,183,55
"General Science","Winter",3,193,55
"General Science","Winter",4,200,55
"General Science","Winter",5,206,55
"General Science","Winter",6,208,55
"General Science","Winter",7,211,55
"General Science","Winter",8,213,55
"General Science","Winter",9,214,55
"General Science","Winter",10,216,55
"General Science","Winter",11,55,55
"General Science","Winter",2,185,60
"General Science","Winter",3,194,60
"General Science","Winter",4,201,60
"General Science","Winter",5,208,60
"General Science","Winter",6,209,60
"General Science","Winter",7,212,60
"General Science","Winter",8,215,60
"General Science","Winter",9,216,60
"General Science","Winter",10,218,60
"General Science","Winter",11,60,60
"General Science","Winter",2,186,65
"General Science","Winter",3,196,65
"General Science","Winter",4,203,65
"General Science","Winter",5,209,65
"General Science","Winter",6,211,65
"General Science","Winter",7,214,65
"General Science","Winter",8,217,65
"General Science","Winter",9,218,65
"General Science","Winter",10,219,65
"General Science","Winter",11,65,65
"General Science","Winter",2,188,70
"General Science","Winter",3,198,70
"General Science","Winter",4,205,70
"General Science","Winter",5,211,70
"General Science","Winter",6,213,70
"General Science","Winter",7,216,70
"General Science","Winter",8,219,70
"General Science","Winter",9,220,70
"General Science","Winter",10,221,70
"General Science","Winter",11,70,70
"General Science","Winter",2,190,75
"General Science","Winter",3,200,75
"General Science","Winter",4,207,75
"General Science","Winter",5,213,75
"General Science","Winter",6,215,75
"General Science","Winter",7,218,75
"General Science","Winter",8,221,75
"General Science","Winter",9,222,75
"General Science","Winter",10,223,75
"General Science","Winter",11,75,75
"General Science","Winter",2,192,80
"General Science","Winter",3,202,80
"General Science","Winter",4,209,80
"General Science","Winter",5,216,80
"General Science","Winter",6,217,80
"General Science","Winter",7,221,80
"General Science","Winter",8,224,80
"General Science","Winter",9,224,80
"General Science","Winter",10,226,80
"General Science","Winter",11,80,80
"General Science","Winter",2,195,85
"General Science","Winter",3,205,85
"General Science","Winter",4,211,85
"General Science","Winter",5,218,85
"General Science","Winter",6,220,85
"General Science","Winter",7,223,85
"General Science","Winter",8,227,85
"General Science","Winter",9,227,85
"General Science","Winter",10,229,85
"General Science","Winter",11,85,85
"General Science","Winter",2,198,90
"General Science","Winter",3,208,90
"General Science","Winter",4,215,90
"General Science","Winter",5,221,90
"General Science","Winter",6,223,90
"General Science","Winter",7,227,90
"General Science","Winter",8,230,90
"General Science","Winter",9,230,90
"General Science","Winter",10,232,90
"General Science","Winter",11,90,90
"General Science","Winter",2,203,95
"General Science","Winter",3,213,95
"General Science","Winter",4,219,95
"General Science","Winter",5,226,95
"General Science","Winter",6,228,95
"General Science","Winter",7,232,95
"General Science","Winter",8,236,95
"General Science","Winter",9,235,95
"General Science","Winter",10,237,95
"General Science","Winter",11,95,95
"General Science","Spring",2,164,5
"General Science","Spring",3,173,5
"General Science","Spring",4,179,5
"General Science","Spring",5,184,5
"General Science","Spring",6,185,5
"General Science","Spring",7,186,5
"General Science","Spring",8,188,5
"General Science","Spring",9,189,5
"General Science","Spring",10,189,5
"General Science","Spring",11,5,5
"General Science","Spring",2,169,10
"General Science","Spring",3,178,10
"General Science","Spring",4,183,10
"General Science","Spring",5,189,10
"General Science","Spring",6,190,10
"General Science","Spring",7,192,10
"General Science","Spring",8,194,10
"General Science","Spring",9,195,10
"General Science","Spring",10,195,10
"General Science","Spring",11,10,10
"General Science","Spring",2,172,15
"General Science","Spring",3,181,15
"General Science","Spring",4,187,15
"General Science","Spring",5,192,15
"General Science","Spring",6,193,15
"General Science","Spring",7,195,15
"General Science","Spring",8,197,15
"General Science","Spring",9,198,15
"General Science","Spring",10,199,15
"General Science","Spring",11,15,15
"General Science","Spring",2,175,20
"General Science","Spring",3,183,20
"General Science","Spring",4,189,20
"General Science","Spring",5,195,20
"General Science","Spring",6,196,20
"General Science","Spring",7,198,20
"General Science","Spring",8,200,20
"General Science","Spring",9,201,20
"General Science","Spring",10,202,20
"General Science","Spring",11,20,20
"General Science","Spring",2,177,25
"General Science","Spring",3,186,25
"General Science","Spring",4,191,25
"General Science","Spring",5,197,25
"General Science","Spring",6,198,25
"General Science","Spring",7,200,25
"General Science","Spring",8,203,25
"General Science","Spring",9,204,25
"General Science","Spring",10,204,25
"General Science","Spring",11,25,25
"General Science","Spring",2,179,30
"General Science","Spring",3,187,30
"General Science","Spring",4,193,30
"General Science","Spring",5,199,30
"General Science","Spring",6,200,30
"General Science","Spring",7,203,30
"General Science","Spring",8,205,30
"General Science","Spring",9,206,30
"General Science","Spring",10,207,30
"General Science","Spring",11,30,30
"General Science","Spring",2,180,35
"General Science","Spring",3,189,35
"General Science","Spring",4,195,35
"General Science","Spring",5,201,35
"General Science","Spring",6,202,35
"General Science","Spring",7,205,35
"General Science","Spring",8,207,35
"General Science","Spring",9,208,35
"General Science","Spring",10,209,35
"General Science","Spring",11,35,35
"General Science","Spring",2,182,40
"General Science","Spring",3,191,40
"General Science","Spring",4,197,40
"General Science","Spring",5,203,40
"General Science","Spring",6,204,40
"General Science","Spring",7,206,40
"General Science","Spring",8,209,40
"General Science","Spring",9,210,40
"General Science","Spring",10,211,40
"General Science","Spring",11,40,40
"General Science","Spring",2,184,45
"General Science","Spring",3,193,45
"General Science","Spring",4,199,45
"General Science","Spring",5,205,45
"General Science","Spring",6,206,45
"General Science","Spring",7,208,45
"General Science","Spring",8,211,45
"General Science","Spring",9,212,45
"General Science","Spring",10,213,45
"General Science","Spring",11,45,45
"General Science","Spring",2,185,50
"General Science","Spring",3,194,50
"General Science","Spring",4,200,50
"General Science","Spring",5,207,50
"General Science","Spring",6,207,50
"General Science","Spring",7,210,50
"General Science","Spring",8,213,50
"General Science","Spring",9,213,50
"General Science","Spring",10,215,50
"General Science","Spring",11,50,50
"General Science","Spring",2,187,55
"General Science","Spring",3,196,55
"General Science","Spring",4,202,55
"General Science","Spring",5,208,55
"General Science","Spring",6,209,55
"General Science","Spring",7,212,55
"General Science","Spring",8,215,55
"General Science","Spring",9,215,55
"General Science","Spring",10,216,55
"General Science","Spring",11,55,55
"General Science","Spring",2,189,60
"General Science","Spring",3,197,60
"General Science","Spring",4,204,60
"General Science","Spring",5,210,60
"General Science","Spring",6,211,60
"General Science","Spring",7,214,60
"General Science","Spring",8,217,60
"General Science","Spring",9,217,60
"General Science","Spring",10,218,60
"General Science","Spring",11,60,60
"General Science","Spring",2,190,65
"General Science","Spring",3,199,65
"General Science","Spring",4,205,65
"General Science","Spring",5,212,65
"General Science","Spring",6,212,65
"General Science","Spring",7,216,65
"General Science","Spring",8,219,65
"General Science","Spring",9,219,65
"General Science","Spring",10,220,65
"General Science","Spring",11,65,65
"General Science","Spring",2,192,70
"General Science","Spring",3,201,70
"General Science","Spring",4,207,70
"General Science","Spring",5,214,70
"General Science","Spring",6,214,70
"General Science","Spring",7,218,70
"General Science","Spring",8,221,70
"General Science","Spring",9,221,70
"General Science","Spring",10,223,70
"General Science","Spring",11,70,70
"General Science","Spring",2,194,75
"General Science","Spring",3,203,75
"General Science","Spring",4,209,75
"General Science","Spring",5,216,75
"General Science","Spring",6,216,75
"General Science","Spring",7,220,75
"General Science","Spring",8,223,75
"General Science","Spring",9,223,75
"General Science","Spring",10,225,75
"General Science","Spring",11,75,75
"General Science","Spring",2,196,80
"General Science","Spring",3,205,80
"General Science","Spring",4,211,80
"General Science","Spring",5,218,80
"General Science","Spring",6,219,80
"General Science","Spring",7,222,80
"General Science","Spring",8,226,80
"General Science","Spring",9,226,80
"General Science","Spring",10,227,80
"General Science","Spring",11,80,80
"General Science","Spring",2,198,85
"General Science","Spring",3,207,85
"General Science","Spring",4,214,85
"General Science","Spring",5,221,85
"General Science","Spring",6,221,85
"General Science","Spring",7,225,85
"General Science","Spring",8,228,85
"General Science","Spring",9,229,85
"General Science","Spring",10,230,85
"General Science","Spring",11,85,85
"General Science","Spring",2,202,90
"General Science","Spring",3,211,90
"General Science","Spring",4,217,90
"General Science","Spring",5,224,90
"General Science","Spring",6,225,90
"General Science","Spring",7,228,90
"General Science","Spring",8,232,90
"General Science","Spring",9,232,90
"General Science","Spring",10,234,90
"General Science","Spring",11,90,90
"General Science","Spring",2,206,95
"General Science","Spring",3,215,95
"General Science","Spring",4,222,95
"General Science","Spring",5,229,95
"General Science","Spring",6,230,95
"General Science","Spring",7,234,95
"General Science","Spring",8,238,95
"General Science","Spring",9,238,95
"General Science","Spring",10,240,95
"General Science","Spring",11,95,95
